{
  "Profiles": [
    {
      "Name": "base16-default",
      "Guid": "E2CDE61A-2923-4F2D-B08B-72D355E0B37F",
      "Dynamic Profile Parent Name": "base",
      "Ansi 0 Color": {
        "Red Component": 0.09411764705882353,
        "Color Space": "sRGB",
        "Blue Component": 0.09411764705882353,
        "Green Component": 0.09411764705882353
      },
      "Ansi 12 Color": {
        "Red Component": 0.7215686274509804,
        "Color Space": "sRGB",
        "Blue Component": 0.7215686274509804,
        "Green Component": 0.7215686274509804
      },
      "Ansi 1 Color": {
        "Red Component": 0.6705882352941176,
        "Color Space": "sRGB",
        "Blue Component": 0.2588235294117647,
        "Green Component": 0.2745098039215687
      },
      "Bold Color": {
        "Red Component": 0.8470588235294118,
        "Color Space": "sRGB",
        "Blue Component": 0.8470588235294118,
        "Green Component": 0.8470588235294118
      },
      "Ansi 3 Color": {
        "Red Component": 0.9686274509803922,
        "Color Space": "sRGB",
        "Blue Component": 0.5333333333333333,
        "Green Component": 0.792156862745098
      },
      "Link Color": {
        "Red Component": 0.023,
        "Color Space": "Calibrated",
        "Blue Component": 0.678,
        "Alpha Component": 1,
        "Green Component": 0.27
      },
      "Ansi 10 Color": {
        "Red Component": 0.1568627450980392,
        "Color Space": "sRGB",
        "Blue Component": 0.1568627450980392,
        "Green Component": 0.1568627450980392
      },
      "Ansi 15 Color": {
        "Red Component": 0.9725490196078431,
        "Color Space": "sRGB",
        "Blue Component": 0.9725490196078431,
        "Green Component": 0.9725490196078431
      },
      "Foreground Color": {
        "Red Component": 0.8470588235294118,
        "Color Space": "sRGB",
        "Blue Component": 0.8470588235294118,
        "Green Component": 0.8470588235294118
      },
      "Selection Color": {
        "Red Component": 0.2196078431372549,
        "Color Space": "sRGB",
        "Blue Component": 0.2196078431372549,
        "Green Component": 0.2196078431372549
      },
      "Ansi 13 Color": {
        "Red Component": 0.9098039215686274,
        "Color Space": "sRGB",
        "Blue Component": 0.9098039215686274,
        "Green Component": 0.9098039215686274
      },
      "Selected Text Color": {
        "Red Component": 0.8470588235294118,
        "Color Space": "sRGB",
        "Blue Component": 0.8470588235294118,
        "Green Component": 0.8470588235294118
      },
      "Background Color": {
        "Red Component": 0.09411764705882353,
        "Color Space": "sRGB",
        "Blue Component": 0.09411764705882353,
        "Green Component": 0.09411764705882353
      },
      "Ansi 11 Color": {
        "Red Component": 0.2196078431372549,
        "Color Space": "sRGB",
        "Blue Component": 0.2196078431372549,
        "Green Component": 0.2196078431372549
      },
      "Badge Color": {
        "Red Component": 1,
        "Color Space": "Calibrated",
        "Blue Component": 0,
        "Alpha Component": 0.5,
        "Green Component": 0
      },
      "Ansi 14 Color": {
        "Red Component": 0.6313725490196078,
        "Color Space": "sRGB",
        "Blue Component": 0.2745098039215687,
        "Green Component": 0.4117647058823529
      },
      "Cursor Text Color": {
        "Red Component": 0.09411764705882353,
        "Color Space": "sRGB",
        "Blue Component": 0.09411764705882353,
        "Green Component": 0.09411764705882353
      },
      "Cursor Color": {
        "Red Component": 0.8470588235294118,
        "Color Space": "sRGB",
        "Blue Component": 0.8470588235294118,
        "Green Component": 0.8470588235294118
      },
      "Ansi 2 Color": {
        "Red Component": 0.6313725490196078,
        "Color Space": "sRGB",
        "Blue Component": 0.4235294117647059,
        "Green Component": 0.7098039215686275
      },
      "Ansi 4 Color": {
        "Red Component": 0.4862745098039216,
        "Color Space": "sRGB",
        "Blue Component": 0.7607843137254902,
        "Green Component": 0.6862745098039216
      },
      "Ansi 6 Color": {
        "Red Component": 0.5254901960784314,
        "Color Space": "sRGB",
        "Blue Component": 0.7254901960784313,
        "Green Component": 0.7568627450980392
      },
      "Ansi 7 Color": {
        "Red Component": 0.8470588235294118,
        "Color Space": "sRGB",
        "Blue Component": 0.8470588235294118,
        "Green Component": 0.8470588235294118
      },
      "Ansi 8 Color": {
        "Red Component": 0.3450980392156863,
        "Color Space": "sRGB",
        "Blue Component": 0.3450980392156863,
        "Green Component": 0.3450980392156863
      },
      "Ansi 9 Color": {
        "Red Component": 0.8627450980392157,
        "Color Space": "sRGB",
        "Blue Component": 0.3372549019607843,
        "Green Component": 0.5882352941176471
      },
      "Ansi 5 Color": {
        "Red Component": 0.7294117647058823,
        "Color Space": "sRGB",
        "Blue Component": 0.6862745098039216,
        "Green Component": 0.5450980392156862
      }
    }
  ]
}
{}
